{"chunk_definitions":[{"chunk_id":"csetup_chunk","chunk_label":"setup","document_id":"59E4DC8D","expansion_state":0,"options":{"engine":"r","include":false,"label":"setup"},"row":9,"row_count":1,"visible":true},{"chunk_id":"cavo2tjayounn","chunk_label":"unnamed-chunk-2","document_id":"59E4DC8D","expansion_state":0,"options":{"engine":"r","label":"unnamed-chunk-5"},"row":50,"row_count":1,"visible":true},{"chunk_id":"czwhv9ccpe46b","chunk_label":"unnamed-chunk-3","document_id":"59E4DC8D","expansion_state":0,"options":{"engine":"r","label":"unnamed-chunk-6"},"row":63,"row_count":1,"visible":true},{"chunk_id":"cm6r4f099oc5g","chunk_label":"unnamed-chunk-5","document_id":"59E4DC8D","expansion_state":0,"options":{"engine":"r","label":"unnamed-chunk-8"},"row":81,"row_count":1,"visible":true},{"chunk_id":"chbxxqnihth2m","chunk_label":"unnamed-chunk-6","document_id":"59E4DC8D","expansion_state":0,"options":{"engine":"r","label":"unnamed-chunk-9"},"row":93,"row_count":1,"visible":true},{"chunk_id":"cpaewjwnnfcfi","chunk_label":"unnamed-chunk-7","document_id":"59E4DC8D","expansion_state":0,"options":{"engine":"r","label":"unnamed-chunk-10"},"row":99,"row_count":1,"visible":true}],"default_chunk_options":{"echo":true,"error":false},"doc_write_time":1528285045,"working_dir":null}