"0","sent_token_annotator <- Maxent_Sent_Token_Annotator() # anotador de frases"
"0","word_token_annotator <- Maxent_Word_Token_Annotator() # anotador de palabras"
"0","entity_loc_annotator <- Maxent_Entity_Annotator(language = ""es"", kind = ""location"", probs = FALSE, model = NULL)"
"0","entity_org_annotator <- Maxent_Entity_Annotator(language = ""es"", kind = ""organization"", probs = FALSE, model = NULL)"
"0","entity_per_annotator <- Maxent_Entity_Annotator(language = ""es"", kind = ""person"", probs = FALSE, model = NULL)"
