"0","lista_stopwords <- c('me', 'my', 'myself', 'we', 'our', 'ours', 'ourselves',"
"0","               'you','your', 'yours', 'yourself', 'yourselves', 'he', 'him','his',"
"0","               'himself', 'she', 'her', 'hers', 'herself', 'it', 'its', 'itself',"
"0","               'they', 'them', 'their', 'theirs', 'themselves', 'what', 'which',"
"0","               'who', 'whom', 'this', 'that', 'these', 'those', 'am', 'is', 'are',"
"0","               'was', 'were', 'be', 'been', 'being', 'have', 'has', 'had',"
"0","               'having', 'do', 'does', 'did', 'doing', 'a', 'an', 'the', 'and',"
"0","               'but', 'if', 'or', 'because', 'as', 'until', 'while', 'of', 'at',"
"0","               'by', 'for', 'with', 'about', 'against', 'between', 'into',"
"0","               'through', 'during', 'before', 'after', 'above', 'below', 'to',"
"0","               'from', 'up', 'down', 'in', 'out', 'on', 'off', 'over', 'under',"
"0","               'again', 'further', 'then', 'once', 'here', 'there', 'when',"
"0","               'where', 'why', 'how', 'all', 'any', 'both', 'each', 'few', 'more',"
"0","               'most', 'other', 'some', 'such', 'no', 'nor', 'not', 'only', 'own',"
"0","               'same', 'so', 'than', 'too', 'very', 's', 't', 'can', 'will',"
"0","               'just', 'don', 'should', 'now', 'd', 'll', 'm', 'o', 're', 've',"
"0","               'y', 'ain', 'aren', 'couldn', 'didn', 'doesn', 'hadn', 'hasn',"
"0","               'haven', 'isn', 'ma', 'mightn', 'mustn', 'needn', 'shan',"
"0","               'shouldn', 'wasn', 'weren', 'won', 'wouldn','i', 'amp')"
"0","tweets_tidy <- tweets_tidy %>% filter(!(token %in% lista_stopwords))"
