"0","tidy_spam <- tidy_corpus %>% "
"0","  filter(cat == 'spam') %>% "
"0","  count(word, sort = TRUE)"
"0","tidy_spam <- "
"0","  tidy_spam %>%"
"0","  mutate(prop = n/sum(n))"
"0","tidy_ham <- tidy_corpus %>% "
"0","  filter(cat == 'ham') %>% "
"0","  count(word, sort = TRUE)"
"0","tidy_ham <- "
"0","  tidy_ham %>%"
"0","  mutate(prop = n/sum(n))"
"0","nrcmad <- get_sentiments(""nrc"") %>% "
"0","  filter(sentiment == ""anger"")"
"0","tidy_corpus %>%"
"0","  inner_join(nrcmad) %>%"
"0","  count(word, sort = TRUE)"
"2","Joining, by = ""word""
"
