{"chunk_definitions":[{"chunk_id":"csetup_chunk","chunk_label":"setup","document_id":"FE5DA9B6","expansion_state":0,"options":{"engine":"r","include":false,"label":"setup"},"row":12,"row_count":1,"visible":true},{"chunk_id":"cufvwxp4era8w","chunk_label":"unnamed-chunk-1","document_id":"FE5DA9B6","expansion_state":0,"options":{"engine":"r","label":"unnamed-chunk-564"},"row":34,"row_count":1,"visible":true},{"chunk_id":"cmf5q8taznwzw","chunk_label":"unnamed-chunk-2","document_id":"FE5DA9B6","expansion_state":0,"options":{"engine":"r","label":"unnamed-chunk-269"},"row":40,"row_count":1,"visible":true},{"chunk_id":"cf8fwatzsv1wk","chunk_label":"unnamed-chunk-3","document_id":"FE5DA9B6","expansion_state":0,"options":{"engine":"r","label":"unnamed-chunk-270"},"row":45,"row_count":1,"visible":true},{"chunk_id":"cyol0x6hj8ky5","chunk_label":"unnamed-chunk-4","document_id":"FE5DA9B6","expansion_state":0,"options":{"engine":"r","label":"unnamed-chunk-271"},"row":53,"row_count":1,"visible":true}],"default_chunk_options":{"echo":false,"error":false},"doc_write_time":1526377601,"working_dir":null}