{"chunk_definitions":[{"chunk_id":"csetup_chunk","chunk_label":"setup","document_id":"5DC26DD4","expansion_state":0,"options":{"engine":"r","include":false,"label":"setup"},"row":9,"row_count":1,"visible":true},{"chunk_id":"c5v66mfpfd7le","chunk_label":"unnamed-chunk-1","document_id":"5DC26DD4","expansion_state":0,"options":{"engine":"r","label":"unnamed-chunk-33"},"row":18,"row_count":1,"visible":true},{"chunk_id":"cfiv9udakh47z","chunk_label":"unnamed-chunk-2","document_id":"5DC26DD4","expansion_state":0,"options":{"engine":"r","label":"unnamed-chunk-34"},"row":32,"row_count":1,"visible":true},{"chunk_id":"cjzk5hb2hl3pu","chunk_label":"unnamed-chunk-3","document_id":"5DC26DD4","expansion_state":0,"options":{"engine":"r","label":"unnamed-chunk-35"},"row":45,"row_count":1,"visible":true},{"chunk_id":"cpwky00l9babz","chunk_label":"unnamed-chunk-4","document_id":"5DC26DD4","expansion_state":0,"options":{"engine":"r","label":"unnamed-chunk-36"},"row":57,"row_count":1,"visible":true},{"chunk_id":"cof2n5z77fo62","chunk_label":"unnamed-chunk-5","document_id":"5DC26DD4","expansion_state":0,"options":{"engine":"r","label":"unnamed-chunk-37"},"row":63,"row_count":1,"visible":true},{"chunk_id":"cr7j1wog1cz9h","chunk_label":"unnamed-chunk-6","document_id":"5DC26DD4","expansion_state":0,"options":{"engine":"r","label":"unnamed-chunk-38"},"row":77,"row_count":1,"visible":true},{"chunk_id":"cgwhrauhjagbu","chunk_label":"unnamed-chunk-7","document_id":"5DC26DD4","expansion_state":0,"options":{"engine":"r","label":"unnamed-chunk-39"},"row":87,"row_count":1,"visible":true},{"chunk_id":"cuos94ucrhtlr","chunk_label":"unnamed-chunk-8","document_id":"5DC26DD4","expansion_state":0,"options":{"engine":"r","label":"unnamed-chunk-40"},"row":96,"row_count":1,"visible":true},{"chunk_id":"c3svpqtl4shvl","chunk_label":"unnamed-chunk-9","document_id":"5DC26DD4","expansion_state":0,"options":{"engine":"r","label":"unnamed-chunk-41"},"row":104,"row_count":1,"visible":true},{"chunk_id":"cl8w9fgwk4ha0","chunk_label":"unnamed-chunk-10","document_id":"5DC26DD4","expansion_state":0,"options":{"engine":"r","label":"unnamed-chunk-42"},"row":111,"row_count":1,"visible":true},{"chunk_id":"cehxiot57gp84","chunk_label":"unnamed-chunk-11","document_id":"5DC26DD4","expansion_state":0,"options":{"engine":"r","label":"unnamed-chunk-43"},"row":124,"row_count":1,"visible":true},{"chunk_id":"crwc9x8yim93x","chunk_label":"unnamed-chunk-12","document_id":"5DC26DD4","expansion_state":0,"options":{"engine":"r","label":"unnamed-chunk-44"},"row":224,"row_count":1,"visible":true},{"chunk_id":"ch6kqaz70pchj","chunk_label":"unnamed-chunk-13","document_id":"5DC26DD4","expansion_state":0,"options":{"engine":"r","label":"unnamed-chunk-45"},"row":232,"row_count":1,"visible":true},{"chunk_id":"cpjgdpcxmqltq","chunk_label":"unnamed-chunk-14","document_id":"5DC26DD4","expansion_state":0,"options":{"engine":"r","label":"unnamed-chunk-46"},"row":237,"row_count":1,"visible":true},{"chunk_id":"cylwleo6hhrtj","chunk_label":"unnamed-chunk-15","document_id":"5DC26DD4","expansion_state":0,"options":{"engine":"r","label":"unnamed-chunk-47"},"row":250,"row_count":1,"visible":true},{"chunk_id":"cn22bme6mr8jj","chunk_label":"unnamed-chunk-16","document_id":"5DC26DD4","expansion_state":0,"options":{"engine":"r","label":"unnamed-chunk-48"},"row":256,"row_count":1,"visible":true},{"chunk_id":"cv0w99hg3ewm0","chunk_label":"unnamed-chunk-17","document_id":"5DC26DD4","expansion_state":0,"options":{"engine":"r","label":"unnamed-chunk-49"},"row":263,"row_count":1,"visible":true},{"chunk_id":"ctwpizwaz9gdl","chunk_label":"unnamed-chunk-18","document_id":"5DC26DD4","expansion_state":0,"options":{"engine":"r","label":"unnamed-chunk-50"},"row":276,"row_count":1,"visible":true},{"chunk_id":"cmevlmfhy7cbt","chunk_label":"unnamed-chunk-19","document_id":"5DC26DD4","expansion_state":0,"options":{"engine":"r","label":"unnamed-chunk-51"},"row":288,"row_count":1,"visible":true},{"chunk_id":"ctjd30i7dvgoy","chunk_label":"unnamed-chunk-20","document_id":"5DC26DD4","expansion_state":0,"options":{"engine":"r","label":"unnamed-chunk-52"},"row":315,"row_count":1,"visible":true},{"chunk_id":"ctf29tudlewlh","chunk_label":"unnamed-chunk-21","document_id":"5DC26DD4","expansion_state":0,"options":{"engine":"r","label":"unnamed-chunk-53"},"row":324,"row_count":1,"visible":true},{"chunk_id":"cq8euhse5btfr","chunk_label":"unnamed-chunk-22","document_id":"5DC26DD4","expansion_state":0,"options":{"engine":"r","label":"unnamed-chunk-54"},"row":332,"row_count":1,"visible":true},{"chunk_id":"ce9r8gxlxk6q7","chunk_label":"unnamed-chunk-23","document_id":"5DC26DD4","expansion_state":0,"options":{"engine":"r","label":"unnamed-chunk-55"},"row":339,"row_count":1,"visible":true},{"chunk_id":"cudct85ongnma","chunk_label":"unnamed-chunk-24","document_id":"5DC26DD4","expansion_state":0,"options":{"engine":"r","label":"unnamed-chunk-56"},"row":352,"row_count":1,"visible":true},{"chunk_id":"cf7k4txm6r8yo","chunk_label":"unnamed-chunk-25","document_id":"5DC26DD4","expansion_state":0,"options":{"engine":"r","label":"unnamed-chunk-57"},"row":360,"row_count":1,"visible":true},{"chunk_id":"c74eisz0xi7h9","chunk_label":"unnamed-chunk-26","document_id":"5DC26DD4","expansion_state":0,"options":{"engine":"r","label":"unnamed-chunk-58"},"row":369,"row_count":1,"visible":true},{"chunk_id":"cmxtid6g1tei7","chunk_label":"unnamed-chunk-27","document_id":"5DC26DD4","expansion_state":0,"options":{"engine":"r","label":"unnamed-chunk-59"},"row":374,"row_count":1,"visible":true},{"chunk_id":"cda0pmkzqe0fj","chunk_label":"unnamed-chunk-28","document_id":"5DC26DD4","expansion_state":0,"options":{"engine":"r","label":"unnamed-chunk-60"},"row":387,"row_count":1,"visible":true},{"chunk_id":"camz19kfivnda","chunk_label":"unnamed-chunk-29","document_id":"5DC26DD4","expansion_state":0,"options":{"engine":"r","label":"unnamed-chunk-61"},"row":393,"row_count":1,"visible":true},{"chunk_id":"clfswy07q7abn","chunk_label":"unnamed-chunk-30","document_id":"5DC26DD4","expansion_state":0,"options":{"engine":"r","label":"unnamed-chunk-62"},"row":400,"row_count":1,"visible":true},{"chunk_id":"c8o2fbibknq4l","chunk_label":"unnamed-chunk-31","document_id":"5DC26DD4","expansion_state":0,"options":{"engine":"r","label":"unnamed-chunk-63"},"row":413,"row_count":1,"visible":true},{"chunk_id":"c8llra88dl0te","chunk_label":"unnamed-chunk-32","document_id":"5DC26DD4","expansion_state":0,"options":{"engine":"r","label":"unnamed-chunk-64"},"row":425,"row_count":1,"visible":true}],"default_chunk_options":{"echo":true,"error":false},"doc_write_time":1511030983,"working_dir":null}