{"chunk_definitions":[{"chunk_id":"csetup_chunk","chunk_label":"setup","document_id":"CFE414A0","expansion_state":0,"options":{"engine":"r","include":false,"label":"setup"},"row":9,"row_count":1,"visible":true},{"chunk_id":"cbs7wnctsn0am","chunk_label":"unnamed-chunk-2","document_id":"CFE414A0","expansion_state":0,"options":{"engine":"r","label":"unnamed-chunk-34"},"row":39,"row_count":1,"visible":true},{"chunk_id":"ccs82ci23jaeq","chunk_label":"unnamed-chunk-4","document_id":"CFE414A0","expansion_state":0,"options":{"engine":"r","label":"unnamed-chunk-38"},"row":58,"row_count":1,"visible":true},{"chunk_id":"c5rrbjhgml4yv","chunk_label":"unnamed-chunk-42","document_id":"CFE414A0","expansion_state":0,"options":{"engine":"r","label":"unnamed-chunk-134"},"row":369,"row_count":1,"visible":true},{"chunk_id":"c88sbqnhvftpc","chunk_label":"unnamed-chunk-43","document_id":"CFE414A0","expansion_state":0,"options":{"engine":"r","label":"unnamed-chunk-135"},"row":373,"row_count":1,"visible":true}],"doc_write_time":1527615855}