"0","txt_analizar <- ""El temor a lo que ellos mismos llaman hacer un Escolano se extiende entre los"
"0","ministrables y posibles segundos escalones económicos que trabajan en el"
"0","sector privado o en cargos con más futuro que el corto plazo que les puede"
"0","ofrecer Pedro Sánchez para entrar en el Gobierno. ¿Qué es hacer un Escolano?"
"0","Lo que le ha pasado al ministro saliente de Economía, Román Escolano, que"
"0","personifica un gran ejemplo de sacrificio económico y profesional por el"
"0","servicio público. Renunció a sus 300.000 euros anuales de vicepresidente del"
"0","Banco Europeo de Inversiones (BEI) el pasado marzo por los 70.000 de"
"0","ministro. Y, según la Ley de Conflictos de Interés de altos cargos endurecida en"
"0","2006 por el entonces ministro socialista Jordi Sevilla, basta haber dirigido unos"
"0","días un Ministerio para esta obligación: Los altos cargos, durante los dos años"
"0","siguientes a la fecha de su cese, no podrán prestar servicios en entidades"
"0","privadas que hayan resultado afectadas por decisiones en las que hayan"
"0","participado. Escolano, que ha sido ministro de Economía, Industria y"
"0","Competitividad, no puede trabajar teóricamente en prácticamente ningún sector"
"0","hasta junio de 2020 tras solo ¡tres meses! en el cargo. El experimentado"
"0","ministro saliente es técnico comercial del Estado y no queda en el paro, pero su"
"0","carrera habría ido mejor si hubiera seguido en el BEI."""
