{"chunk_definitions":[{"chunk_id":"csetup_chunk","chunk_label":"setup","document_id":"7B25579A","expansion_state":0,"options":{"engine":"r","include":false,"label":"setup"},"row":9,"row_count":1,"visible":true},{"chunk_id":"cpjtq1xxkp7e5","chunk_label":"unnamed-chunk-1","document_id":"7B25579A","expansion_state":0,"options":{"engine":"r","label":"unnamed-chunk-11"},"row":58,"row_count":1,"visible":true},{"chunk_id":"cz2i1fpyukino","chunk_label":"unnamed-chunk-2","document_id":"7B25579A","expansion_state":0,"options":{"engine":"r","label":"unnamed-chunk-12"},"row":75,"row_count":1,"visible":true},{"chunk_id":"cdupw6f1dr92a","chunk_label":"unnamed-chunk-3","document_id":"7B25579A","expansion_state":0,"options":{"engine":"r","label":"unnamed-chunk-13"},"row":80,"row_count":1,"visible":true},{"chunk_id":"cmkqxy4kyq2q7","chunk_label":"unnamed-chunk-4","document_id":"7B25579A","expansion_state":0,"options":{"engine":"r","label":"unnamed-chunk-14"},"row":86,"row_count":1,"visible":true},{"chunk_id":"cbkr5jngxmedy","chunk_label":"unnamed-chunk-5","document_id":"7B25579A","expansion_state":0,"options":{"engine":"r","label":"unnamed-chunk-15"},"row":91,"row_count":1,"visible":true},{"chunk_id":"cmdiaijjt011v","chunk_label":"unnamed-chunk-6","document_id":"7B25579A","expansion_state":0,"options":{"engine":"r","label":"unnamed-chunk-16"},"row":95,"row_count":1,"visible":true},{"chunk_id":"c3ehl7ghomxwb","chunk_label":"unnamed-chunk-7","document_id":"7B25579A","expansion_state":0,"options":{"engine":"r","label":"unnamed-chunk-17"},"row":99,"row_count":1,"visible":true},{"chunk_id":"c717oaopyjjfx","chunk_label":"unnamed-chunk-8","document_id":"7B25579A","expansion_state":0,"options":{"engine":"r","label":"unnamed-chunk-18"},"row":104,"row_count":1,"visible":true},{"chunk_id":"cbjincxwtznvd","chunk_label":"unnamed-chunk-9","document_id":"7B25579A","expansion_state":0,"options":{"engine":"r","label":"unnamed-chunk-19"},"row":112,"row_count":1,"visible":true},{"chunk_id":"cl61saw418g72","chunk_label":"unnamed-chunk-10","document_id":"7B25579A","expansion_state":0,"options":{"engine":"r","label":"unnamed-chunk-20"},"row":142,"row_count":1,"visible":true},{"chunk_id":"cwifd2vxdzthy","chunk_label":"unnamed-chunk-11","document_id":"7B25579A","expansion_state":0,"options":{"engine":"r","label":"unnamed-chunk-21"},"row":159,"row_count":1,"visible":true},{"chunk_id":"cqus31667z5hn","chunk_label":"unnamed-chunk-12","document_id":"7B25579A","expansion_state":0,"options":{"engine":"r","label":"unnamed-chunk-22"},"row":166,"row_count":1,"visible":true},{"chunk_id":"ctjvxt9m0j4ge","chunk_label":"unnamed-chunk-13","document_id":"7B25579A","expansion_state":0,"options":{"engine":"r","label":"unnamed-chunk-23"},"row":171,"row_count":1,"visible":true},{"chunk_id":"chwt1dn74ypvk","chunk_label":"unnamed-chunk-14","document_id":"7B25579A","expansion_state":0,"options":{"engine":"r","label":"unnamed-chunk-24"},"row":179,"row_count":1,"visible":true},{"chunk_id":"c72htxbcevudm","chunk_label":"unnamed-chunk-15","document_id":"7B25579A","expansion_state":0,"options":{"engine":"r","label":"unnamed-chunk-25"},"row":195,"row_count":1,"visible":true},{"chunk_id":"cjdza1ra2ugek","chunk_label":"unnamed-chunk-16","document_id":"7B25579A","expansion_state":0,"options":{"engine":"r","label":"unnamed-chunk-26"},"row":205,"row_count":1,"visible":true},{"chunk_id":"c39zn5xzh9mpv","chunk_label":"unnamed-chunk-17","document_id":"7B25579A","expansion_state":0,"options":{"engine":"r","label":"unnamed-chunk-27"},"row":213,"row_count":1,"visible":true},{"chunk_id":"cf9q479wj4bp6","chunk_label":"unnamed-chunk-18","document_id":"7B25579A","expansion_state":0,"options":{"engine":"r","label":"unnamed-chunk-28"},"row":244,"row_count":1,"visible":true},{"chunk_id":"c2ovgv1ktcuas","chunk_label":"unnamed-chunk-19","document_id":"7B25579A","expansion_state":0,"options":{"engine":"r","label":"unnamed-chunk-29"},"row":257,"row_count":1,"visible":true},{"chunk_id":"cwj3pg3lv2iox","chunk_label":"unnamed-chunk-20","document_id":"7B25579A","expansion_state":0,"options":{"engine":"r","label":"unnamed-chunk-30"},"row":274,"row_count":1,"visible":true},{"chunk_id":"cqasrtqqvoccu","chunk_label":"unnamed-chunk-21","document_id":"7B25579A","expansion_state":0,"options":{"engine":"r","label":"unnamed-chunk-31"},"row":278,"row_count":1,"visible":true},{"chunk_id":"cbfddw4fwxc8v","chunk_label":"unnamed-chunk-22","document_id":"7B25579A","expansion_state":0,"options":{"engine":"r","label":"unnamed-chunk-32"},"row":282,"row_count":1,"visible":true},{"chunk_id":"c3mpnad15zqt8","chunk_label":"unnamed-chunk-23","document_id":"7B25579A","expansion_state":0,"options":{"engine":"r","label":"unnamed-chunk-33"},"row":292,"row_count":1,"visible":true},{"chunk_id":"czbp2iq0ufvie","chunk_label":"unnamed-chunk-24","document_id":"7B25579A","expansion_state":0,"options":{"engine":"r","label":"unnamed-chunk-34"},"row":297,"row_count":1,"visible":true},{"chunk_id":"crp8qlelnlqdr","chunk_label":"unnamed-chunk-25","document_id":"7B25579A","expansion_state":0,"options":{"engine":"r","label":"unnamed-chunk-35"},"row":304,"row_count":1,"visible":true},{"chunk_id":"c31rhmk8fixgh","chunk_label":"unnamed-chunk-26","document_id":"7B25579A","expansion_state":0,"options":{"engine":"r","label":"unnamed-chunk-36"},"row":308,"row_count":1,"visible":true},{"chunk_id":"c7dejdfze71qt","chunk_label":"unnamed-chunk-27","document_id":"7B25579A","expansion_state":0,"options":{"engine":"r","label":"unnamed-chunk-37"},"row":315,"row_count":1,"visible":true},{"chunk_id":"c6sotxnueogsw","chunk_label":"unnamed-chunk-28","document_id":"7B25579A","expansion_state":0,"options":{"engine":"r","label":"unnamed-chunk-38"},"row":320,"row_count":1,"visible":true},{"chunk_id":"c05kpuatfh9jv","chunk_label":"unnamed-chunk-29","document_id":"7B25579A","expansion_state":0,"options":{"engine":"r","label":"unnamed-chunk-39"},"row":327,"row_count":1,"visible":true},{"chunk_id":"cuy1jy2crvkh8","chunk_label":"unnamed-chunk-30","document_id":"7B25579A","expansion_state":0,"options":{"engine":"r","label":"unnamed-chunk-40"},"row":335,"row_count":1,"visible":true},{"chunk_id":"c6myteugakadt","chunk_label":"unnamed-chunk-31","document_id":"7B25579A","expansion_state":0,"options":{"engine":"r","label":"unnamed-chunk-41"},"row":339,"row_count":1,"visible":true},{"chunk_id":"c1arvq22ie11p","chunk_label":"unnamed-chunk-32","document_id":"7B25579A","expansion_state":0,"options":{"engine":"r","label":"unnamed-chunk-42"},"row":344,"row_count":1,"visible":true},{"chunk_id":"c0u1acajyx103","chunk_label":"unnamed-chunk-33","document_id":"7B25579A","expansion_state":0,"options":{"engine":"r","label":"unnamed-chunk-43"},"row":353,"row_count":1,"visible":true},{"chunk_id":"c5dv375p33vq7","chunk_label":"unnamed-chunk-34","document_id":"7B25579A","expansion_state":0,"options":{"engine":"r","label":"unnamed-chunk-44"},"row":357,"row_count":1,"visible":true},{"chunk_id":"cwfabhq7x402y","chunk_label":"unnamed-chunk-35","document_id":"7B25579A","expansion_state":0,"options":{"engine":"r","label":"unnamed-chunk-45"},"row":362,"row_count":1,"visible":true},{"chunk_id":"cmjfrdt3zbz2p","chunk_label":"unnamed-chunk-36","document_id":"7B25579A","expansion_state":0,"options":{"engine":"r","label":"unnamed-chunk-46"},"row":369,"row_count":1,"visible":true},{"chunk_id":"cyivo32ics4w1","chunk_label":"unnamed-chunk-37","document_id":"7B25579A","expansion_state":0,"options":{"engine":"r","label":"unnamed-chunk-47"},"row":382,"row_count":1,"visible":true},{"chunk_id":"c1c25qocza7ax","chunk_label":"unnamed-chunk-38","document_id":"7B25579A","expansion_state":0,"options":{"engine":"r","label":"unnamed-chunk-48"},"row":391,"row_count":1,"visible":true},{"chunk_id":"cqrbf0tqwpk1y","chunk_label":"unnamed-chunk-39","document_id":"7B25579A","expansion_state":0,"options":{"engine":"r","label":"unnamed-chunk-49"},"row":408,"row_count":1,"visible":true},{"chunk_id":"cap3l1xeeiz1j","chunk_label":"unnamed-chunk-40","document_id":"7B25579A","expansion_state":0,"options":{"engine":"r","label":"unnamed-chunk-50"},"row":412,"row_count":1,"visible":true},{"chunk_id":"clpx0hn3fmq9z","chunk_label":"unnamed-chunk-41","document_id":"7B25579A","expansion_state":0,"options":{"engine":"r","label":"unnamed-chunk-51"},"row":416,"row_count":1,"visible":true},{"chunk_id":"cbiderklk1tnk","chunk_label":"unnamed-chunk-42","document_id":"7B25579A","expansion_state":0,"options":{"engine":"r","label":"unnamed-chunk-52"},"row":422,"row_count":1,"visible":true},{"chunk_id":"csyxvksnyu1dl","chunk_label":"unnamed-chunk-43","document_id":"7B25579A","expansion_state":0,"options":{"engine":"r","label":"unnamed-chunk-53"},"row":427,"row_count":1,"visible":true},{"chunk_id":"c1nobwx3451l1","chunk_label":"unnamed-chunk-44","document_id":"7B25579A","expansion_state":0,"options":{"engine":"r","label":"unnamed-chunk-54"},"row":434,"row_count":1,"visible":true},{"chunk_id":"cd7byrq1fwyc3","chunk_label":"unnamed-chunk-45","document_id":"7B25579A","expansion_state":0,"options":{"engine":"r","label":"unnamed-chunk-55"},"row":438,"row_count":1,"visible":true},{"chunk_id":"ca4vny9ry0xg0","chunk_label":"unnamed-chunk-46","document_id":"7B25579A","expansion_state":0,"options":{"engine":"r","label":"unnamed-chunk-56"},"row":445,"row_count":1,"visible":true},{"chunk_id":"cr09gs93htygs","chunk_label":"unnamed-chunk-47","document_id":"7B25579A","expansion_state":0,"options":{"engine":"r","label":"unnamed-chunk-57"},"row":450,"row_count":1,"visible":true},{"chunk_id":"cql4061pccywf","chunk_label":"unnamed-chunk-48","document_id":"7B25579A","expansion_state":0,"options":{"engine":"r","label":"unnamed-chunk-58"},"row":457,"row_count":1,"visible":true},{"chunk_id":"cb5rd5420pqvx","chunk_label":"unnamed-chunk-49","document_id":"7B25579A","expansion_state":0,"options":{"engine":"r","label":"unnamed-chunk-59"},"row":465,"row_count":1,"visible":true},{"chunk_id":"cdni9k5u33klm","chunk_label":"unnamed-chunk-50","document_id":"7B25579A","expansion_state":0,"options":{"engine":"r","label":"unnamed-chunk-60"},"row":469,"row_count":1,"visible":true},{"chunk_id":"co73z01azzg5c","chunk_label":"unnamed-chunk-51","document_id":"7B25579A","expansion_state":0,"options":{"engine":"r","label":"unnamed-chunk-61"},"row":474,"row_count":1,"visible":true},{"chunk_id":"cyw9qbfjyo6bd","chunk_label":"unnamed-chunk-52","document_id":"7B25579A","expansion_state":0,"options":{"engine":"r","label":"unnamed-chunk-62"},"row":480,"row_count":1,"visible":true},{"chunk_id":"cskh2f2emihkf","chunk_label":"unnamed-chunk-53","document_id":"7B25579A","expansion_state":0,"options":{"engine":"r","label":"unnamed-chunk-63"},"row":484,"row_count":1,"visible":true},{"chunk_id":"cj6s10ec7xtel","chunk_label":"unnamed-chunk-54","document_id":"7B25579A","expansion_state":0,"options":{"engine":"r","label":"unnamed-chunk-64"},"row":489,"row_count":1,"visible":true},{"chunk_id":"cg1yd16rrhd6f","chunk_label":"unnamed-chunk-55","document_id":"7B25579A","expansion_state":0,"options":{"engine":"r","label":"unnamed-chunk-65"},"row":496,"row_count":1,"visible":true}],"default_chunk_options":{"echo":true,"error":false},"doc_write_time":1526418033,"working_dir":null}