"0","set.seed(123)"
"0","result <- FindTopicsNumber("
"0","  tdm,"
"0","  topics = seq(from = 1, to = 10, by = 1),"
"0","  metrics = c(""Griffiths2004"", ""CaoJuan2009"", ""Arun2010"", ""Deveaud2014""),"
"0","  method = ""Gibbs"","
"0","  control = list(seed = 123),"
"0","  mc.cores = 2L,"
"0","  verbose = TRUE)"
"1","warning: topics count can't to be less than 2, incorrect values was removed.
"
"1","fit models..."
"1"," done.
"
"1","calculate metrics:
"
"1","  Griffiths2004..."
"1"," done.
"
"1","  CaoJuan2009..."
"1"," done.
"
"1","  Arun2010..."
"1"," done.
"
"1","  Deveaud2014..."
"1"," done.
"
