{"chunk_definitions":[{"chunk_id":"csetup_chunk","chunk_label":"setup","document_id":"59E4DC8D","expansion_state":0,"options":{"engine":"r","include":false,"label":"setup"},"row":9,"row_count":1,"visible":true},{"chunk_id":"cbyl1rox9lhin","chunk_label":"unnamed-chunk-1","document_id":"59E4DC8D","expansion_state":0,"options":{"engine":"r","label":"unnamed-chunk-13"},"row":41,"row_count":1,"visible":true},{"chunk_id":"cavo2tjayounn","chunk_label":"unnamed-chunk-2","document_id":"59E4DC8D","expansion_state":0,"options":{"engine":"r","label":"unnamed-chunk-14"},"row":51,"row_count":1,"visible":true},{"chunk_id":"cflhiuiy27beb","chunk_label":"unnamed-chunk-3","document_id":"59E4DC8D","expansion_state":0,"options":{"engine":"r","label":"unnamed-chunk-15"},"row":73,"row_count":1,"visible":true},{"chunk_id":"cyaqkgwwj3vzo","chunk_label":"unnamed-chunk-4","document_id":"59E4DC8D","expansion_state":0,"options":{"engine":"r","label":"unnamed-chunk-16"},"row":79,"row_count":1,"visible":true},{"chunk_id":"ch088nitnt6tq","chunk_label":"unnamed-chunk-5","document_id":"59E4DC8D","expansion_state":0,"options":{"engine":"r","label":"unnamed-chunk-17"},"row":90,"row_count":1,"visible":true},{"chunk_id":"cq47gq80dpxvk","chunk_label":"unnamed-chunk-6","document_id":"59E4DC8D","expansion_state":0,"options":{"engine":"r","label":"unnamed-chunk-18"},"row":95,"row_count":1,"visible":true},{"chunk_id":"cmeb3ajek92pp","chunk_label":"unnamed-chunk-7","document_id":"59E4DC8D","expansion_state":0,"options":{"engine":"r","label":"unnamed-chunk-19"},"row":102,"row_count":1,"visible":true},{"chunk_id":"cmodmlez6j3ee","chunk_label":"unnamed-chunk-8","document_id":"59E4DC8D","expansion_state":0,"options":{"engine":"r","label":"unnamed-chunk-20"},"row":115,"row_count":1,"visible":true},{"chunk_id":"c9aus87gf6r22","chunk_label":"unnamed-chunk-9","document_id":"59E4DC8D","expansion_state":0,"options":{"engine":"r","label":"unnamed-chunk-21"},"row":121,"row_count":1,"visible":true},{"chunk_id":"cmvl7vjszba0j","chunk_label":"unnamed-chunk-10","document_id":"59E4DC8D","expansion_state":0,"options":{"engine":"r","label":"unnamed-chunk-22"},"row":126,"row_count":1,"visible":true},{"chunk_id":"ckozvq01in2b9","chunk_label":"unnamed-chunk-11","document_id":"59E4DC8D","expansion_state":0,"options":{"engine":"r","label":"unnamed-chunk-23"},"row":134,"row_count":1,"visible":true},{"chunk_id":"c1ih3z60qiyt3","chunk_label":"unnamed-chunk-12","document_id":"59E4DC8D","expansion_state":0,"options":{"engine":"r","label":"unnamed-chunk-24"},"row":143,"row_count":1,"visible":true},{"chunk_id":"cw7ahllv0rv4a","chunk_label":"unnamed-chunk-13","document_id":"59E4DC8D","expansion_state":0,"options":{"engine":"r","label":"unnamed-chunk-25"},"row":150,"row_count":1,"visible":true},{"chunk_id":"cdxrjgkj5ccko","chunk_label":"unnamed-chunk-14","document_id":"59E4DC8D","expansion_state":0,"options":{"engine":"r","label":"unnamed-chunk-35"},"row":159,"row_count":1,"visible":true},{"chunk_id":"co19eexwdfqrc","chunk_label":"unnamed-chunk-15","document_id":"59E4DC8D","expansion_state":0,"options":{"engine":"r","label":"unnamed-chunk-7"},"row":187,"row_count":1,"visible":true},{"chunk_id":"cxhspgj7ymrf5","chunk_label":"unnamed-chunk-17","document_id":"59E4DC8D","expansion_state":0,"options":{"engine":"r","label":"unnamed-chunk-9"},"row":203,"row_count":1,"visible":true}],"chunk_rendered_width":700,"default_chunk_options":{"echo":true,"error":false},"doc_write_time":1528302560,"working_dir":null}