"0","stats = data.frame("
"0","    Min = apply(datos[1], 2, min), # Mínimo"
"0","    Q1 = apply(datos[1], 2, quantile, 1/4), # 1er cuartil"
"0","    Med = apply(datos[1], 2, median), # Mediana"
"0","    Mean = apply(datos[1], 2, mean), # Media"
"0","    Q3 = apply(datos[1], 2, quantile, 3/4), # 3er cuartil"
"0","    Max = apply(datos[1], 2, max), # Máximo"
"0","    Var = apply(datos[1], 2, var), # Varianza"
"0","    STD = apply(datos[1], 2, sd)) # Desv. típica"
"0","stats <- round(stats, 3) # Redondeamos nuestros estadísticos a 3 decimales"
"0","kable(stats)"
