{"chunk_definitions":[{"chunk_id":"csetup_chunk","chunk_label":"setup","document_id":"C9644E73","expansion_state":0,"options":{"engine":"r","include":false,"label":"setup"},"row":11,"row_count":1,"visible":true},{"chunk_id":"c2qqzduyiy6s8","chunk_label":"unnamed-chunk-2","document_id":"C9644E73","expansion_state":0,"options":{"engine":"r","label":"unnamed-chunk-2"},"row":32,"row_count":1,"visible":true},{"chunk_id":"c4l6vv7kswcnk","chunk_label":"unnamed-chunk-3","document_id":"DA18030C","expansion_state":0,"options":{"engine":"r","label":"unnamed-chunk-3"},"row":40,"row_count":1,"visible":true},{"chunk_id":"cjy9xl0qlrtil","chunk_label":"unnamed-chunk-4","document_id":"DA18030C","expansion_state":0,"options":{"engine":"r","label":"unnamed-chunk-4"},"row":50,"row_count":1,"visible":true},{"chunk_id":"c0ajdacbxdg6i","chunk_label":"unnamed-chunk-5","document_id":"DA18030C","expansion_state":0,"options":{"engine":"r","label":"unnamed-chunk-5"},"row":54,"row_count":1,"visible":true},{"chunk_id":"cvwr6iv9nmtcc","chunk_label":"unnamed-chunk-6","document_id":"DA18030C","expansion_state":0,"options":{"engine":"r","label":"unnamed-chunk-18"},"row":66,"row_count":1,"visible":true},{"chunk_id":"cn7m1jxnswwx1","chunk_label":"unnamed-chunk-7","document_id":"DA18030C","expansion_state":0,"options":{"engine":"r","label":"unnamed-chunk-19"},"row":78,"row_count":1,"visible":true}],"doc_write_time":1527584053}