"0","set.seed(1234)"
"0","train_idx <- createDataPartition(data$cat, p=0.75, list=FALSE)"
"0","train1 <- data[train_idx,]"
"0","test1 <- data[-train_idx,]"
"0","train2 <- corpus2[train_idx]"
"0","test2 <- corpus2[-train_idx]"
"0","frqtab <- function(x, caption) {"
"0","    round(100*prop.table(table(x)), 1)"
"0","}"
"0","ft_orig <- frqtab(data$cat)"
"0","ft_train <- frqtab(train1$cat)"
"0","ft_test <- frqtab(test1$cat)"
"0","ft_df <- as.data.frame(cbind(ft_orig, ft_train, ft_test))"
"0","colnames(ft_df) <- c(""Original"", ""Muestra Training"", ""Muestra Test"")"
"0","pander(head(ft_df), caption=""No Spam/Spam en muestras Training y Test"")"
"1","
-------------------------------------------------------
  &nbsp;    Original   Muestra Training   Muestra Test 
---------- ---------- ------------------ --------------
 **ham**      86.6           86.6             86.6     

 **spam**     13.4           13.4             13.4     
-------------------------------------------------------

Table: No Spam/Spam en muestras Training y Test

"
