{"chunk_definitions":[{"chunk_id":"csetup_chunk","chunk_label":"setup","document_id":"9715AC86","expansion_state":0,"options":{"engine":"r","include":false,"label":"setup"},"row":9,"row_count":1,"visible":true},{"chunk_id":"camqfjz8b55pe","chunk_label":"unnamed-chunk-1","document_id":"9715AC86","expansion_state":0,"options":{"engine":"r","label":"unnamed-chunk-66"},"row":48,"row_count":1,"visible":true},{"chunk_id":"ce46wbaknoz3o","chunk_label":"unnamed-chunk-2","document_id":"9715AC86","expansion_state":0,"options":{"engine":"r","label":"unnamed-chunk-67"},"row":68,"row_count":1,"visible":true},{"chunk_id":"c6h4dbf4xtman","chunk_label":"unnamed-chunk-3","document_id":"9715AC86","expansion_state":0,"options":{"engine":"r","label":"unnamed-chunk-68"},"row":73,"row_count":1,"visible":true},{"chunk_id":"c82j53vg5jrkz","chunk_label":"unnamed-chunk-4","document_id":"9715AC86","expansion_state":0,"options":{"engine":"r","label":"unnamed-chunk-69"},"row":78,"row_count":1,"visible":true},{"chunk_id":"cbye4mafsvkhc","chunk_label":"unnamed-chunk-5","document_id":"9715AC86","expansion_state":0,"options":{"engine":"r","label":"unnamed-chunk-70"},"row":83,"row_count":1,"visible":true},{"chunk_id":"cn5fa8dl44bb3","chunk_label":"unnamed-chunk-6","document_id":"9715AC86","expansion_state":0,"options":{"engine":"r","label":"unnamed-chunk-71"},"row":91,"row_count":1,"visible":true},{"chunk_id":"czbfvk4g5k1md","chunk_label":"unnamed-chunk-7","document_id":"9715AC86","expansion_state":0,"options":{"engine":"r","label":"unnamed-chunk-72"},"row":103,"row_count":1,"visible":true},{"chunk_id":"c31pwi0gkf4g8","chunk_label":"unnamed-chunk-8","document_id":"9715AC86","expansion_state":0,"options":{"engine":"r","label":"unnamed-chunk-73"},"row":110,"row_count":1,"visible":true},{"chunk_id":"cqefapky0pivi","chunk_label":"unnamed-chunk-9","document_id":"9715AC86","expansion_state":0,"options":{"engine":"r","label":"unnamed-chunk-74"},"row":115,"row_count":1,"visible":true},{"chunk_id":"c2kv60bq3m3xc","chunk_label":"unnamed-chunk-10","document_id":"9715AC86","expansion_state":0,"options":{"engine":"r","label":"unnamed-chunk-75"},"row":120,"row_count":1,"visible":true},{"chunk_id":"cz5xmdv3nwbfl","chunk_label":"unnamed-chunk-11","document_id":"9715AC86","expansion_state":0,"options":{"engine":"r","label":"unnamed-chunk-76"},"row":140,"row_count":1,"visible":true},{"chunk_id":"cc3hm5wc1fr27","chunk_label":"unnamed-chunk-12","document_id":"9715AC86","expansion_state":0,"options":{"engine":"r","label":"unnamed-chunk-77"},"row":145,"row_count":1,"visible":true},{"chunk_id":"ci2caktatc5au","chunk_label":"unnamed-chunk-13","document_id":"9715AC86","expansion_state":0,"options":{"engine":"r","label":"unnamed-chunk-78"},"row":150,"row_count":1,"visible":true},{"chunk_id":"ci3e4mfzjymjv","chunk_label":"unnamed-chunk-14","document_id":"9715AC86","expansion_state":0,"options":{"engine":"r","label":"unnamed-chunk-79"},"row":154,"row_count":1,"visible":true},{"chunk_id":"cmflqwlr9i9qf","chunk_label":"unnamed-chunk-15","document_id":"9715AC86","expansion_state":0,"options":{"engine":"r","label":"unnamed-chunk-80"},"row":159,"row_count":1,"visible":true},{"chunk_id":"cf9m81hv8fpxx","chunk_label":"unnamed-chunk-16","document_id":"9715AC86","expansion_state":0,"options":{"engine":"r","label":"unnamed-chunk-81"},"row":164,"row_count":1,"visible":true},{"chunk_id":"c16o0pn2vqvk2","chunk_label":"unnamed-chunk-17","document_id":"9715AC86","expansion_state":0,"options":{"engine":"r","label":"unnamed-chunk-82"},"row":174,"row_count":1,"visible":true},{"chunk_id":"cjpmetkkdh65h","chunk_label":"unnamed-chunk-18","document_id":"9715AC86","expansion_state":0,"options":{"engine":"r","label":"unnamed-chunk-83"},"row":188,"row_count":1,"visible":true},{"chunk_id":"ckrgwa8tuq0z9","chunk_label":"unnamed-chunk-19","document_id":"9715AC86","expansion_state":0,"options":{"engine":"r","label":"unnamed-chunk-163"},"row":206,"row_count":1,"visible":true},{"chunk_id":"cvqrdlg0v8o8c","chunk_label":"unnamed-chunk-20","document_id":"9715AC86","expansion_state":0,"options":{"engine":"r","label":"unnamed-chunk-164"},"row":212,"row_count":1,"visible":true},{"chunk_id":"ckgpm2euqm0kp","chunk_label":"unnamed-chunk-21","document_id":"9715AC86","expansion_state":0,"options":{"engine":"r","label":"unnamed-chunk-165"},"row":217,"row_count":1,"visible":true},{"chunk_id":"cplf97unv3ars","chunk_label":"unnamed-chunk-22","document_id":"9715AC86","expansion_state":0,"options":{"engine":"r","label":"unnamed-chunk-166"},"row":222,"row_count":1,"visible":true},{"chunk_id":"cg7lp4b4xupkd","chunk_label":"unnamed-chunk-23","document_id":"9715AC86","expansion_state":0,"options":{"engine":"r","label":"unnamed-chunk-167"},"row":231,"row_count":1,"visible":true},{"chunk_id":"c784sjqyadfx0","chunk_label":"unnamed-chunk-24","document_id":"9715AC86","expansion_state":0,"options":{"engine":"r","label":"unnamed-chunk-168"},"row":241,"row_count":1,"visible":true},{"chunk_id":"crl0obrrutyh9","chunk_label":"unnamed-chunk-25","document_id":"9715AC86","expansion_state":0,"options":{"engine":"r","label":"unnamed-chunk-162"},"row":248,"row_count":1,"visible":true},{"chunk_id":"ckh6di26s2nv8","chunk_label":"unnamed-chunk-26","document_id":"9715AC86","expansion_state":0,"options":{"engine":"r","label":"unnamed-chunk-147"},"row":253,"row_count":1,"visible":true},{"chunk_id":"c4mli250zmnrv","chunk_label":"unnamed-chunk-27","document_id":"9715AC86","expansion_state":0,"options":{"engine":"r","label":"unnamed-chunk-148"},"row":258,"row_count":1,"visible":true},{"chunk_id":"czo3z9lpj3x3x","chunk_label":"unnamed-chunk-28","document_id":"9715AC86","expansion_state":0,"options":{"engine":"r","label":"unnamed-chunk-149"},"row":263,"row_count":1,"visible":true},{"chunk_id":"cbbq8ckiw9vfe","chunk_label":"unnamed-chunk-29","document_id":"9715AC86","expansion_state":0,"options":{"engine":"r","label":"unnamed-chunk-150"},"row":268,"row_count":1,"visible":true},{"chunk_id":"cdr9j8jo3j223","chunk_label":"unnamed-chunk-30","document_id":"9715AC86","expansion_state":0,"options":{"engine":"r","label":"unnamed-chunk-177"},"row":273,"row_count":1,"visible":true},{"chunk_id":"ckz2alby062lw","chunk_label":"unnamed-chunk-31","document_id":"9715AC86","expansion_state":0,"options":{"engine":"r","label":"unnamed-chunk-178"},"row":279,"row_count":1,"visible":true},{"chunk_id":"cwnq3s09k6hk1","chunk_label":"unnamed-chunk-32","document_id":"9715AC86","expansion_state":0,"options":{"engine":"r","label":"unnamed-chunk-179"},"row":286,"row_count":1,"visible":true},{"chunk_id":"cll5nif1hfmbz","chunk_label":"unnamed-chunk-33","document_id":"9715AC86","expansion_state":0,"options":{"engine":"r","label":"unnamed-chunk-180"},"row":298,"row_count":1,"visible":true},{"chunk_id":"c7w8rvkduxzxp","chunk_label":"unnamed-chunk-34","document_id":"9715AC86","expansion_state":0,"options":{"engine":"r","label":"unnamed-chunk-181"},"row":303,"row_count":1,"visible":true},{"chunk_id":"c01m4kl3mjp0i","chunk_label":"unnamed-chunk-35","document_id":"9715AC86","expansion_state":0,"options":{"engine":"r","label":"unnamed-chunk-182"},"row":313,"row_count":1,"visible":true},{"chunk_id":"c6togbdc1pcjr","chunk_label":"unnamed-chunk-36","document_id":"9715AC86","expansion_state":0,"options":{"engine":"r","label":"unnamed-chunk-183"},"row":325,"row_count":1,"visible":true},{"chunk_id":"cgqm5qwpvb4fn","chunk_label":"unnamed-chunk-37","document_id":"9715AC86","expansion_state":0,"options":{"engine":"r","label":"unnamed-chunk-185"},"row":334,"row_count":1,"visible":true}],"default_chunk_options":{"echo":true,"error":false},"doc_write_time":1526418899,"working_dir":null}