"0","limpiar_tokenizar <- function(texto){"
"0","  # El orden de la limpieza no es arbitrario"
"0","    # Se convierte todo el texto a minúsculas"
"0","    nuevo_texto <- tolower(texto)"
"0","    # Eliminación de páginas web (palabras que empiezan por ""http."" seguidas "
"0","    # de cualquier cosa que no sea un espacio)"
"0","    nuevo_texto <- str_replace_all(nuevo_texto,""http\\S*"", """")"
"0","    # Eliminación de signos de puntuación"
"0","    nuevo_texto <- str_replace_all(nuevo_texto,""[[:punct:]]"", "" "")"
"0","    # Eliminación de números"
"0","    nuevo_texto <- str_replace_all(nuevo_texto,""[[:digit:]]"", "" "")"
"0","    # Eliminación de espacios en blanco múltiples"
"0","    nuevo_texto <- str_replace_all(nuevo_texto,""[\\s]+"", "" "")"
"0","    # Tokenización por palabras individuales"
"0","    nuevo_texto <- str_split(nuevo_texto, "" "")[[1]]"
"0","    # Eliminación de tokens con una longitud < 2"
"0","    nuevo_texto <- keep(.x = nuevo_texto, .p = function(x){str_length(x) > 1})"
"0","    return(nuevo_texto)"
"0","}"
