"0","library(rJava)"
"0","library(NLP)"
"0","library(openNLP)"
"0","library(openNLPmodels.en)"
"0","library(openNLPmodels.es)"
"0","library(tm)"
"0","library(textcat)"
"0","library(wordcloud)"
"0","library(topicmodels)"
"0","library(tidytext)"
"0","library(stringr)"
"0","library(tidyr)"
"0","library(ggplot2)"
"0","library(plyr)"
"0","library(dplyr)"
"0","library(SnowballC)"
"0","library(RTextTools)"
"0","library(caret)"
"0","library(lattice)"
"0","# install.packages(""arm"")"
"0","library(arm)"
"0","library(class)"
