"0","spam_word_counts <- tidy_corpus %>%"
"0","  filter(cat == 'spam') %>% "
"0","  inner_join(get_sentiments(""bing"")) %>%"
"0","  count(word, sentiment, sort = TRUE) %>%"
"0","  ungroup()"
"2","Joining, by = ""word""
"
"0","ham_word_counts <- tidy_corpus %>%"
"0","  filter(cat == 'ham') %>% "
"0","  inner_join(get_sentiments(""bing"")) %>%"
"0","  count(word, sentiment, sort = TRUE) %>%"
"0","  ungroup()"
"2","Joining, by = ""word""
"
"0","spam_word_counts %>%"
"0","  group_by(sentiment) %>%"
"0","  top_n(10) %>%"
"0","  ungroup() %>%"
"0","  mutate(word = reorder(word, n)) %>%"
"0","  ggplot(aes(word, n, fill = sentiment)) +"
"0","  geom_col(show.legend = FALSE) +"
"0","  facet_wrap(~sentiment, scales = ""free_y"") +"
"0","  labs(y = ""Contribution to sentiment"","
"0","       x = NULL) +"
"0","  coord_flip() +"
"0","  theme_tufte()"
"2","Selecting by n
"
