{"chunk_definitions":[{"chunk_id":"csetup_chunk","chunk_label":"setup","document_id":"74DBA673","expansion_state":0,"options":{"engine":"r","include":false,"label":"setup"},"row":13,"row_count":1,"visible":true},{"chunk_id":"cvzyj4yctegbu","chunk_label":"unnamed-chunk-2","document_id":"74DBA673","expansion_state":0,"options":{"engine":"r","label":"unnamed-chunk-25"},"row":41,"row_count":1,"visible":true},{"chunk_id":"cqff42i1mf7cl","chunk_label":"unnamed-chunk-3","document_id":"74DBA673","expansion_state":0,"options":{"engine":"r","label":"unnamed-chunk-26"},"row":47,"row_count":1,"visible":true},{"chunk_id":"co1ait4dx7eha","chunk_label":"unnamed-chunk-4","document_id":"74DBA673","expansion_state":0,"options":{"engine":"r","label":"unnamed-chunk-27"},"row":70,"row_count":1,"visible":true},{"chunk_id":"coepk1cuu93qz","chunk_label":"unnamed-chunk-5","document_id":"74DBA673","expansion_state":0,"options":{"engine":"r","label":"unnamed-chunk-28"},"row":97,"row_count":1,"visible":true},{"chunk_id":"cgwu7yhfisa6s","chunk_label":"unnamed-chunk-6","document_id":"74DBA673","expansion_state":0,"options":{"engine":"r","label":"unnamed-chunk-29"},"row":110,"row_count":1,"visible":true},{"chunk_id":"ci57xa3vihsmm","chunk_label":"unnamed-chunk-7","document_id":"74DBA673","expansion_state":0,"options":{"engine":"r","label":"unnamed-chunk-30"},"row":124,"row_count":1,"visible":true},{"chunk_id":"ch8kf0v47s5z1","chunk_label":"unnamed-chunk-8","document_id":"74DBA673","expansion_state":0,"options":{"engine":"r","label":"unnamed-chunk-31"},"row":152,"row_count":1,"visible":true},{"chunk_id":"cv533n8xtmf6y","chunk_label":"unnamed-chunk-9","document_id":"74DBA673","expansion_state":0,"options":{"engine":"r","label":"unnamed-chunk-32"},"row":169,"row_count":1,"visible":true},{"chunk_id":"c46ee6xp4py5i","chunk_label":"unnamed-chunk-10","document_id":"74DBA673","expansion_state":0,"options":{"engine":"r","label":"unnamed-chunk-33"},"row":179,"row_count":1,"visible":true},{"chunk_id":"cg0a67rcw64i7","chunk_label":"unnamed-chunk-11","document_id":"74DBA673","expansion_state":0,"options":{"engine":"r","label":"unnamed-chunk-34"},"row":189,"row_count":1,"visible":true},{"chunk_id":"cav2agpy5p699","chunk_label":"unnamed-chunk-12","document_id":"74DBA673","expansion_state":0,"options":{"engine":"r","label":"unnamed-chunk-35"},"row":220,"row_count":1,"visible":true},{"chunk_id":"cosmunmffrlmm","chunk_label":"unnamed-chunk-13","document_id":"74DBA673","expansion_state":0,"options":{"engine":"r","label":"unnamed-chunk-36"},"row":244,"row_count":1,"visible":true},{"chunk_id":"cn0lgo6aqg52m","chunk_label":"unnamed-chunk-14","document_id":"74DBA673","expansion_state":0,"options":{"engine":"r","label":"unnamed-chunk-37"},"row":256,"row_count":1,"visible":true}],"chunk_rendered_width":700,"default_chunk_options":{"echo":false,"error":false},"doc_write_time":1526377599,"working_dir":null}