{"chunk_definitions":[{"chunk_id":"csetup_chunk","chunk_label":"setup","document_id":"BC7301CC","expansion_state":0,"options":{"engine":"r","include":false,"label":"setup"},"row":9,"row_count":1,"visible":true},{"chunk_id":"cuubthq7dvquq","chunk_label":"unnamed-chunk-1","document_id":"BC7301CC","expansion_state":0,"options":{"engine":"r","label":"unnamed-chunk-36"},"row":20,"row_count":1,"visible":true},{"chunk_id":"cfst3r0brwqzn","chunk_label":"unnamed-chunk-3","document_id":"BC7301CC","expansion_state":0,"options":{"engine":"r","label":"unnamed-chunk-27"},"row":33,"row_count":1,"visible":true},{"chunk_id":"c9wuk55wbhc6y","chunk_label":"unnamed-chunk-4","document_id":"BC7301CC","expansion_state":0,"options":{"engine":"r","label":"unnamed-chunk-25"},"row":38,"row_count":1,"visible":true},{"chunk_id":"c1taijwawfdnh","chunk_label":"unnamed-chunk-5","document_id":"BC7301CC","expansion_state":0,"options":{"engine":"r","label":"unnamed-chunk-26"},"row":45,"row_count":1,"visible":true},{"chunk_id":"c5merrhl7ron9","chunk_label":"unnamed-chunk-8","document_id":"BC7301CC","expansion_state":0,"options":{"engine":"r","label":"unnamed-chunk-29"},"row":78,"row_count":1,"visible":true},{"chunk_id":"c7xxlz9qtjhdt","chunk_label":"unnamed-chunk-10","document_id":"BC7301CC","expansion_state":0,"options":{"engine":"r","label":"unnamed-chunk-31"},"row":92,"row_count":1,"visible":true},{"chunk_id":"cnpy2l18l7mx1","chunk_label":"unnamed-chunk-14","document_id":"BC7301CC","expansion_state":0,"options":{"engine":"r","label":"unnamed-chunk-35"},"row":113,"row_count":1,"visible":true},{"chunk_id":"c1skhnv41qflk","chunk_label":"unnamed-chunk-15","document_id":"BC7301CC","expansion_state":0,"options":{"engine":"r","label":"unnamed-chunk-45"},"row":123,"row_count":1,"visible":true}],"chunk_rendered_width":400,"default_chunk_options":{"echo":true,"error":false},"doc_write_time":1524680239,"working_dir":null}