"0","# install.packages(""rtweet"")"
"0","library(rtweet)"
"0","# install.packages(""RTextTools"")"
"0","library(RTextTools)"
"0","# install.packages(""twitteR"")"
"0","library(twitteR)"
"0","# install.packages(""tm"")"
"0","library(tm)"
"0","# install.packages(""stringr"")"
"0","library(stringr)"
"0","# install.packages(""keep"")"
"0","library(keep)"
"0","# install.packages(""gdata"")"
"0","library(gdata)"
"0","# install.packages(""purrr"")"
"0","library(purrr)"
"0","# install.packages(""quanteda"")"
"0","library(quanteda)"
"0","# install.packages(""e1071"")"
"0","library(e1071)"
"0","# install.packages(""gmodels"")"
"0","library(gmodels)"
"0","# install.packages(""SDMTools"")"
"0","library(SDMTools)"
"0","# install.packages(""dplyr"")"
"0","library(dplyr)"
"0","# install.packages(""tidytext"")"
"0","library(tidytext)"
"0","# install.packages(""ggplot2"")"
"0","library(ggplot2)"
"0","# install.packages(""ggthemes"")"
"0","library(ggthemes)"
"0","# install.packages(""tidyr"")"
"0","library(tidyr)"
"0","# install.packages(""caret"")"
"0","library(caret)"
