"0","cluster1 <- sum(fit2$cluster == 1)"
"0","sprintf(""%d términos pertenecen al cluster 1"", cluster1)"
"1","[1]"
"1"," ""58 términos pertenecen al cluster 1"""
"1","
"
"0","cluster2 <- sum(fit2$cluster == 2)"
"0","sprintf(""%d términos pertenecen al cluster 2"", cluster2)"
"1","[1]"
"1"," ""21 términos pertenecen al cluster 2"""
"1","
"
"0","cluster3 <- sum(fit2$cluster == 3)"
"0","sprintf(""%d términos pertenecen al cluster 3"", cluster3)"
"1","[1]"
"1"," ""29 términos pertenecen al cluster 3"""
"1","
"
"0","cluster4 <- sum(fit2$cluster == 4)"
"0","sprintf(""%d términos pertenecen al cluster 4"", cluster4)"
"1","[1]"
"1"," ""25 términos pertenecen al cluster 4"""
"1","
"
