"0","tweets_tidy %>% group_by(autor, token) %>% count(token) %>% group_by(autor) %>%"
"0","                top_n(10, n) %>% arrange(autor, desc(n)) %>%"
"0","                ggplot(aes(x = reorder(token,n), y = n, fill = autor)) +"
"0","                geom_col() +"
"0","                theme_bw() +"
"0","                labs(y = """", x = """") +"
"0","                theme(legend.position = ""none"") +"
"0","                coord_flip() +"
"0","                facet_wrap(~autor,scales = ""free"", ncol = 1, drop = TRUE)"
